batchId,ms,groupSize,rg,rb,userVectorFirstEle
0.0,2205.766991,2.0,0.7,0.9,1.0
1.0,355.779402,2.0,0.7,0.9,0.95
2.0,455.461987,2.0,0.7,0.9,0.8325
3.0,354.700121,2.0,0.7,0.9,0.8075000000000001
4.0,373.526154,2.0,0.7,0.9,0.7101666666666666
5.0,490.969547,2.0,0.7,0.9,0.6935
6.0,344.297569,2.0,0.7,0.9,0.6140875
7.0,341.336703,2.0,0.7,0.9,0.6015874999999999
8.0,320.015968,2.0,0.7,0.9,0.536889
9.0,360.630911,2.0,0.7,0.9,0.5268889999999999
10.0,362.993242,2.0,0.7,0.9,0.47401858333333324
11.0,358.967132,2.0,0.7,0.9,0.46568524999999994
12.0,322.818896,2.0,0.7,0.9,0.4222682928571428
13.0,285.818236,2.0,0.7,0.9,0.4151254357142857
14.0,192.945578,2.0,0.7,0.9,0.379264329375
15.0,325.967445,2.0,0.7,0.9,0.373014329375
16.0,203.794282,2.0,0.7,0.9,0.34320891605555554
17.0,193.797901,2.0,0.7,0.9,0.3376533605
18.0,151.739038,2.0,0.7,0.9,0.312721617115
19.0,193.677403,2.0,0.7,0.9,0.307721617115
20.0,204.019658,2.0,0.7,0.9,0.2867319381640909
21.0,267.282118,2.0,0.7,0.9,0.2821864836186364
22.0,152.589116,2.0,0.7,0.9,0.2644029936552917
23.0,333.282966,2.0,0.7,0.9,0.26023632698862503
24.0,384.740613,2.0,0.7,0.9,0.24507578051572693
25.0,189.322973,2.0,0.7,0.9,0.2412296266695731
26.0,178.729731,2.0,0.7,0.9,0.22822782876379394
27.0,186.256998,2.0,0.7,0.9,0.22465640019236535
28.0,198.539401,2.0,0.7,0.9,0.213442181459012
29.0,180.184515,2.0,0.7,0.9,0.21010884812567865
30.0,201.174197,2.0,0.7,0.9,0.20038393158247658
31.0,188.220378,2.0,0.7,0.9,0.1972589315824766
32.0,183.006908,2.0,0.7,0.9,0.18878235492492573
33.0,167.590619,2.0,0.7,0.9,0.1858411784543375
34.0,252.675598,2.0,0.7,0.9,0.1784172235337009
35.0,154.166563,2.0,0.7,0.9,0.17563944575592313
36.0,250.02227,2.0,0.7,0.9,0.1691082640276122
37.0,271.977323,2.0,0.7,0.9,0.16647668508024377
38.0,159.118862,2.0,0.7,0.9,0.1607069955783621
39.0,216.569307,2.0,0.7,0.9,0.1582069955783621
40.0,224.443101,2.0,0.7,0.9,0.15309037800462236
41.0,304.588946,2.0,0.7,0.9,0.15070942562366998
42.0,170.87158,2.0,0.7,0.9,0.14615584348490676
43.0,318.082843,2.0,0.7,0.9,0.14388311621217947
44.0,142.520542,2.0,0.7,0.9,0.13981739085511147
45.0,140.634408,2.0,0.7,0.9,0.1376434778116332
46.0,200.089969,2.0,0.7,0.9,0.13400249969863726
47.0,202.729274,2.0,0.7,0.9,0.13191916636530393
48.0,144.706973,2.0,0.7,0.9,0.12864967979748423
49.0,227.274327,2.0,0.7,0.9,0.12664967979748423
50.0,136.531152,2.0,0.7,0.9,0.1237065152483067
51.0,167.660643,2.0,0.7,0.9,0.12178343832522978
52.0,180.711412,2.0,0.7,0.9,0.11912809546367341
53.0,175.477672,2.0,0.7,0.9,0.11727624361182154
54.0,155.387108,2.0,0.7,0.9,0.11487575015226525
55.0,179.466024,2.0,0.7,0.9,0.11309003586655096
56.0,180.459011,2.0,0.7,0.9,0.11091602424084133
57.0,166.045193,2.0,0.7,0.9,0.10919188630980685
58.0,178.143858,2.0,0.7,0.9,0.10721984306963597
59.0,130.065411,2.0,0.7,0.9,0.1055531764029693
60.0,150.37934,2.0,0.7,0.9,0.10376182917620501
61.0,145.423227,2.0,0.7,0.9,0.10214892595039857
62.0,143.144713,2.0,0.7,0.9,0.10051974041011402
63.0,141.937576,2.0,0.7,0.9,0.09895724041011403
64.0,195.175106,2.0,0.7,0.9,0.09747400561171375
65.0,149.62379,2.0,0.7,0.9,0.09595885409656224
66.0,159.602322,2.0,0.7,0.9,0.09460733910678198
67.0,150.675869,2.0,0.7,0.9,0.09313675087148787
68.0,145.23407,2.0,0.7,0.9,0.09190441916404032
69.0,170.836245,2.0,0.7,0.9,0.09047584773546889
70.0,189.665825,2.0,0.7,0.9,0.08935161859774966
71.0,159.756036,2.0,0.7,0.9,0.08796272970886078
72.0,164.787977,2.0,0.7,0.9,0.08693677807198086
73.0,165.28972,2.0,0.7,0.9,0.0855854267206295
74.0,167.47464,2.0,0.7,0.9,0.084649014528008
75.0,230.552094,2.0,0.7,0.9,0.08333322505432378
76.0,192.795764,2.0,0.7,0.9,0.08247855862679518
77.0,321.440322,2.0,0.7,0.9,0.0811965073447439
78.0,186.818783,2.0,0.7,0.9,0.0804166162627877
79.0,273.889058,2.0,0.7,0.9,0.0791666162627877
80.0,162.335516,2.0,0.7,0.9,0.07845525013068427
81.0,124.474762,2.0,0.7,0.9,0.07723573793556232
82.0,152.784288,2.0,0.7,0.9,0.0765872780654914
83.0,171.85947,2.0,0.7,0.9,0.07539680187501521
84.0,164.328461,2.0,0.7,0.9,0.07480618546803366
85.0,169.148601,2.0,0.7,0.9,0.07364339477035925
86.0,143.961514,2.0,0.7,0.9,0.07310604960426849
87.0,157.589261,2.0,0.7,0.9,0.07196968596790485
88.0,160.856629,2.0,0.7,0.9,0.07148147395136598
89.0,174.709606,2.0,0.7,0.9,0.07037036284025486
90.0,193.068968,2.0,0.7,0.9,0.0699275310753919
91.0,150.733962,2.0,0.7,0.9,0.06884057455365276
92.0,131.816498,2.0,0.7,0.9,0.06843971277931105
93.0,148.244144,2.0,0.7,0.9,0.067375882992077
94.0,222.829481,2.0,0.7,0.9,0.06701388646748611
95.0,133.335014,2.0,0.7,0.9,0.06597221980081945
96.0,145.996515,2.0,0.7,0.9,0.06564625684301088
97.0,225.788067,2.0,0.7,0.9,0.06462584867974558
98.0,148.762005,2.0,0.7,0.9,0.06433333219430547
99.0,180.362842,2.0,0.7,0.9,0.06333333219430547
100.0,183.962315,2.0,0.7,0.9,0.06307189464315081
101.0,132.782099,2.0,0.7,0.9,0.06209150248628807
102.0,155.437154,2.0,0.7,0.9,0.061858973822317004
103.0,135.802149,2.0,0.7,0.9,0.06089743536077853
104.0,129.071052,2.0,0.7,0.9,0.06069182353079884
105.0,122.599537,2.0,0.7,0.9,0.05974842730438375
106.0,137.155903,2.0,0.7,0.9,0.05956790098134512
107.0,117.375163,2.0,0.7,0.9,0.058641975055419196
108.0,126.091608,2.0,0.7,0.9,0.05848484831081537
109.0,128.781363,2.0,0.7,0.9,0.05757575740172447
110.0,155.114902,2.0,0.7,0.9,0.05744047607082843
111.0,142.313658,2.0,0.7,0.9,0.056547618927971284
112.0,151.304638,2.0,0.7,0.9,0.05643274845572761
113.0,138.583,2.0,0.7,0.9,0.05555555547327147
114.0,403.065545,2.0,0.7,0.9,0.05545977005833675
115.0,146.885662,2.0,0.7,0.9,0.05459770109281951
116.0,433.97473,2.0,0.7,0.9,0.054519773972346974
117.0,365.313301,2.0,0.7,0.9,0.05367231634522833
118.0,117.424885,2.0,0.7,0.9,0.05361111108429882
119.0,154.739529,2.0,0.7,0.9,0.05277777775096548
120.0,140.424812,2.0,0.7,0.9,0.05273224041869755
121.0,193.556174,2.0,0.7,0.9,0.051912568287550004
122.0,187.988788,2.0,0.7,0.9,0.051881720417393314
123.0,132.033136,2.0,0.7,0.9,0.05107526880449009
124.0,129.895117,2.0,0.7,0.9,0.05105820104944237
125.0,208.371137,2.0,0.7,0.9,0.050264550255791574
126.0,145.114756,2.0,0.7,0.9,0.05026041666063138
127.0,136.93609,2.0,0.7,0.9,0.049479166660631374
128.0,778.37919,2.0,0.7,0.9,0.049487179483019776
129.0,133.495405,2.0,0.7,0.9,0.04871794871378901
130.0,180.675392,2.0,0.7,0.9,0.048737373734506054
131.0,140.019096,2.0,0.7,0.9,0.04797979797693029
132.0,261.297078,2.0,0.7,0.9,0.048009950246778794
133.0,151.996971,2.0,0.7,0.9,0.047263681590062376
134.0,165.508966,2.0,0.7,0.9,0.04730392156726361
135.0,160.641638,2.0,0.7,0.9,0.046568627449616554
136.0,169.001229,2.0,0.7,0.9,0.04661835748698186
137.0,157.166216,2.0,0.7,0.9,0.045893719805822436
138.0,183.481984,2.0,0.7,0.9,0.045952380951731764
139.0,186.513456,2.0,0.7,0.9,0.04523809523744605
140.0,700.156198,2.0,0.7,0.9,0.04530516431880079
141.0,345.458456,2.0,0.7,0.9,0.04460093896668812
142.0,161.716413,2.0,0.7,0.9,0.04467592592561666
143.0,367.233024,2.0,0.7,0.9,0.043981481481172216
144.0,177.061742,2.0,0.7,0.9,0.04406392694042575
145.0,269.279269,2.0,0.7,0.9,0.04337899543357643
146.0,221.332237,2.0,0.7,0.9,0.04346846846832102
147.0,225.285703,2.0,0.7,0.9,0.04279279279264534
148.0,133.798768,2.0,0.7,0.9,0.042888888888787044
149.0,121.240697,2.0,0.7,0.9,0.042222222222120374
150.0,121.248955,2.0,0.7,0.9,0.04232456140343842
151.0,137.116615,2.0,0.7,0.9,0.04166666666659631
152.0,128.350649,2.0,0.7,0.9,0.04177489177484316
153.0,142.69884,2.0,0.7,0.9,0.04112554112549251
154.0,152.91024,2.0,0.7,0.9,0.04123931623928265
155.0,136.264184,2.0,0.7,0.9,0.04059829059825701
156.0,378.34147,2.0,0.7,0.9,0.040717299578035854
157.0,128.521434,2.0,0.7,0.9,0.040084388185630794
158.0,394.390888,2.0,0.7,0.9,0.04020833333331728
159.0,336.268639,2.0,0.7,0.9,0.03958333333331729
160.0,131.256703,2.0,0.7,0.9,0.03971193415636751
161.0,268.356223,2.0,0.7,0.9,0.039094650205750224
162.0,380.592656,2.0,0.7,0.9,0.03922764227641509
163.0,134.222081,2.0,0.7,0.9,0.038617886178854116
164.0,115.152236,2.0,0.7,0.9,0.03875502008031598
165.0,183.371581,2.0,0.7,0.9,0.038152610441761756
166.0,117.085278,2.0,0.7,0.9,0.03829365079364712
167.0,207.315961,2.0,0.7,0.9,0.037698412698409026
168.0,461.39359,2.0,0.7,0.9,0.03784313725489942
169.0,142.836901,2.0,0.7,0.9,0.037254901960781774
170.0,231.870097,2.0,0.7,0.9,0.03740310077519204
171.0,427.382103,2.0,0.7,0.9,0.03682170542635483
172.0,268.71992,2.0,0.7,0.9,0.03697318007662713
173.0,197.432762,2.0,0.7,0.9,0.03639846743294897
174.0,155.556392,2.0,0.7,0.9,0.036553030303029456
175.0,235.299991,2.0,0.7,0.9,0.035984848484847634
176.0,124.908036,2.0,0.7,0.9,0.03614232209737768
177.0,150.74576,2.0,0.7,0.9,0.03558052434456869
178.0,225.625364,2.0,0.7,0.9,0.03574074074074033
179.0,136.963531,2.0,0.7,0.9,0.03518518518518477
180.0,125.189979,2.0,0.7,0.9,0.03534798534798506
181.0,227.349068,2.0,0.7,0.9,0.03479853479853451
182.0,251.268037,2.0,0.7,0.9,0.03496376811594183
183.0,135.878345,2.0,0.7,0.9,0.03442028985507226
184.0,127.631669,2.0,0.7,0.9,0.034587813620071545
185.0,126.269461,2.0,0.7,0.9,0.0340501792114694
186.0,135.152654,2.0,0.7,0.9,0.03421985815602827
187.0,149.030149,2.0,0.7,0.9,0.03368794326241125
188.0,109.345342,2.0,0.7,0.9,0.03385964912280695
189.0,139.49442,2.0,0.7,0.9,0.03333333333333327
190.0,165.26402,2.0,0.7,0.9,0.0335069444444444
191.0,132.991492,2.0,0.7,0.9,0.03298611111111107
192.0,117.778205,2.0,0.7,0.9,0.03316151202749138
193.0,169.071667,2.0,0.7,0.9,0.03264604810996561
194.0,128.724301,2.0,0.7,0.9,0.03282312925170066
195.0,130.559207,2.0,0.7,0.9,0.03231292517006801
196.0,338.253458,2.0,0.7,0.9,0.03249158249158248
197.0,124.233395,2.0,0.7,0.9,0.03198653198653197
198.0,139.068042,2.0,0.7,0.9,0.032166666666666656
199.0,232.877778,2.0,0.7,0.9,0.031666666666666655
200.0,152.472326,2.0,0.7,0.9,0.03184818481848184
201.0,149.303726,2.0,0.7,0.9,0.031353135313531344
202.0,374.361447,2.0,0.7,0.9,0.03153594771241829
203.0,129.174759,2.0,0.7,0.9,0.031045751633986922
204.0,150.17045,2.0,0.7,0.9,0.03122977346278317
205.0,147.794217,2.0,0.7,0.9,0.030744336569579287
206.0,255.330362,2.0,0.7,0.9,0.030929487179487177
207.0,137.688372,2.0,0.7,0.9,0.030448717948717945
208.0,117.209882,2.0,0.7,0.9,0.030634920634920633
209.0,156.189419,2.0,0.7,0.9,0.030158730158730156
210.0,130.806791,2.0,0.7,0.9,0.030345911949685528
211.0,145.272708,2.0,0.7,0.9,0.02987421383647798
212.0,148.201058,2.0,0.7,0.9,0.03006230529595015
213.0,159.853647,2.0,0.7,0.9,0.029595015576323977
214.0,122.90518,2.0,0.7,0.9,0.02978395061728394
215.0,143.050667,2.0,0.7,0.9,0.02932098765432098
216.0,110.767914,2.0,0.7,0.9,0.029510703363914367
217.0,148.257223,2.0,0.7,0.9,0.029051987767584088
218.0,162.389399,2.0,0.7,0.9,0.029242424242424236
219.0,111.769038,2.0,0.7,0.9,0.028787878787878782
220.0,178.336026,2.0,0.7,0.9,0.02897897897897897
221.0,149.468276,2.0,0.7,0.9,0.028528528528528517
222.0,142.707429,2.0,0.7,0.9,0.028720238095238083
223.0,308.044516,2.0,0.7,0.9,0.02827380952380951
224.0,141.568817,2.0,0.7,0.9,0.02846607669616518
225.0,122.299097,2.0,0.7,0.9,0.02802359882005899
226.0,123.467976,2.0,0.7,0.9,0.02821637426900584
227.0,164.939333,2.0,0.7,0.9,0.02777777777777777
228.0,114.256006,2.0,0.7,0.9,0.027971014492753618
229.0,143.95288,2.0,0.7,0.9,0.027536231884057967
230.0,163.015962,2.0,0.7,0.9,0.027729885057471263
231.0,116.923535,2.0,0.7,0.9,0.02729885057471264
232.0,155.908799,2.0,0.7,0.9,0.02749287749287749
233.0,750.414653,2.0,0.7,0.9,0.02706552706552706
234.0,216.175039,2.0,0.7,0.9,0.027259887005649713
235.0,240.020513,2.0,0.7,0.9,0.02683615819209039
236.0,321.827449,2.0,0.7,0.9,0.027030812324929966
237.0,210.455974,2.0,0.7,0.9,0.026610644257703077
238.0,330.364962,2.0,0.7,0.9,0.026805555555555555
239.0,646.549079,2.0,0.7,0.9,0.026388888888888892
240.0,178.569848,2.0,0.7,0.9,0.026584022038567495
241.0,141.06519,2.0,0.7,0.9,0.026170798898071626
242.0,314.098443,2.0,0.7,0.9,0.02636612021857923
243.0,180.254431,2.0,0.7,0.9,0.02595628415300546
244.0,349.282616,2.0,0.7,0.9,0.02615176151761517
245.0,321.021708,2.0,0.7,0.9,0.025745257452574513
246.0,378.046441,2.0,0.7,0.9,0.025940860215053752
247.0,185.938496,2.0,0.7,0.9,0.02553763440860214
248.0,190.868688,2.0,0.7,0.9,0.025733333333333327
249.0,180.935648,2.0,0.7,0.9,0.025333333333333326
250.0,181.710196,2.0,0.7,0.9,0.025529100529100523
251.0,123.392086,2.0,0.7,0.9,0.025132275132275124
252.0,173.726714,2.0,0.7,0.9,0.025328083989501305
253.0,132.211769,2.0,0.7,0.9,0.02493438320209973
254.0,196.020389,2.0,0.7,0.9,0.025130208333333327
255.0,402.534435,2.0,0.7,0.9,0.02473958333333333
256.0,162.320648,2.0,0.7,0.9,0.02493540051679586
257.0,120.555852,2.0,0.7,0.9,0.024547803617571057
258.0,118.942393,2.0,0.7,0.9,0.02474358974358974
259.0,146.275562,2.0,0.7,0.9,0.024358974358974356
260.0,131.181525,2.0,0.7,0.9,0.024554707379134857
261.0,130.786564,2.0,0.7,0.9,0.024173027989821884
262.0,180.47591,2.0,0.7,0.9,0.024368686868686866
263.0,140.455502,2.0,0.7,0.9,0.023989898989898985
264.0,129.010217,2.0,0.7,0.9,0.024185463659147862
265.0,153.381748,2.0,0.7,0.9,0.0238095238095238
266.0,119.13171,2.0,0.7,0.9,0.024004975124378103
267.0,128.746891,2.0,0.7,0.9,0.023631840796019894
268.0,180.819902,2.0,0.7,0.9,0.023827160493827156
269.0,112.752926,2.0,0.7,0.9,0.023456790123456785
270.0,128.390343,2.0,0.7,0.9,0.023651960784313718
271.0,133.57436,2.0,0.7,0.9,0.02328431372549019
272.0,119.430635,2.0,0.7,0.9,0.023479318734793184
273.0,118.094261,2.0,0.7,0.9,0.023114355231143552
274.0,123.401694,2.0,0.7,0.9,0.02330917874396135
275.0,115.218284,2.0,0.7,0.9,0.02294685990338164
276.0,124.275807,2.0,0.7,0.9,0.023141486810551556
277.0,172.011406,2.0,0.7,0.9,0.02278177458033573
278.0,139.864293,2.0,0.7,0.9,0.022976190476190473
279.0,123.334409,2.0,0.7,0.9,0.02261904761904762
280.0,125.437388,2.0,0.7,0.9,0.022813238770685577
281.0,129.731587,2.0,0.7,0.9,0.022458628841607563
282.0,121.821516,2.0,0.7,0.9,0.022652582159624412
283.0,162.872185,2.0,0.7,0.9,0.022300469483568074
284.0,220.709167,2.0,0.7,0.9,0.02249417249417249
285.0,119.496422,2.0,0.7,0.9,0.02214452214452214
286.0,121.26422,2.0,0.7,0.9,0.022337962962962955
287.0,116.321035,2.0,0.7,0.9,0.021990740740740734
288.0,140.624536,2.0,0.7,0.9,0.022183908045977006
289.0,105.979702,2.0,0.7,0.9,0.021839080459770108
290.0,117.7138,2.0,0.7,0.9,0.02203196347031963
291.0,247.151991,2.0,0.7,0.9,0.02168949771689497
292.0,126.143051,2.0,0.7,0.9,0.021882086167800446
293.0,118.359389,2.0,0.7,0.9,0.021541950113378675
294.0,139.566816,2.0,0.7,0.9,0.021734234234234227
295.0,111.576848,2.0,0.7,0.9,0.02139639639639639
296.0,107.534572,2.0,0.7,0.9,0.02158836689038031
297.0,151.78,2.0,0.7,0.9,0.02125279642058165
298.0,128.759164,2.0,0.7,0.9,0.02144444444444444
299.0,112.313687,2.0,0.7,0.9,0.021111111111111105
300.0,169.784937,2.0,0.7,0.9,0.021302428256070635
301.0,109.285981,2.0,0.7,0.9,0.020971302428256067
302.0,129.12609,2.0,0.7,0.9,0.021162280701754382
303.0,346.94623,2.0,0.7,0.9,0.02083333333333333
304.0,126.721701,2.0,0.7,0.9,0.021023965141612196
305.0,124.121839,2.0,0.7,0.9,0.02069716775599128
306.0,108.945632,2.0,0.7,0.9,0.020887445887445885
307.0,161.08752,2.0,0.7,0.9,0.02056277056277056
308.0,105.538899,2.0,0.7,0.9,0.02075268817204301
309.0,126.706537,2.0,0.7,0.9,0.020430107526881718
310.0,149.452444,2.0,0.7,0.9,0.020619658119658116
311.0,110.869396,2.0,0.7,0.9,0.020299145299145296
312.0,110.240258,2.0,0.7,0.9,0.020488322717622076
313.0,158.265806,2.0,0.7,0.9,0.02016985138004246
314.0,112.626622,2.0,0.7,0.9,0.020358649789029532
315.0,131.182844,2.0,0.7,0.9,0.020042194092827002
316.0,110.343562,2.0,0.7,0.9,0.020230607966457023
317.0,119.641248,2.0,0.7,0.9,0.019916142557651992
318.0,121.899748,2.0,0.7,0.9,0.020104166666666666
319.0,116.214666,2.0,0.7,0.9,0.019791666666666666
320.0,145.841633,2.0,0.7,0.9,0.019979296066252587
321.0,115.321563,2.0,0.7,0.9,0.019668737060041408
322.0,111.165914,2.0,0.7,0.9,0.0198559670781893
323.0,156.473826,2.0,0.7,0.9,0.01954732510288066
324.0,112.292742,2.0,0.7,0.9,0.019734151329243353
325.0,130.559078,2.0,0.7,0.9,0.019427402862985686
326.0,205.932637,2.0,0.7,0.9,0.019613821138211383
327.0,112.813745,2.0,0.7,0.9,0.019308943089430895
328.0,127.005104,2.0,0.7,0.9,0.019494949494949492
329.0,120.27017,2.0,0.7,0.9,0.019191919191919187
330.0,151.239242,2.0,0.7,0.9,0.01937751004016064
331.0,112.278144,2.0,0.7,0.9,0.01907630522088353
332.0,122.248906,2.0,0.7,0.9,0.01926147704590818
333.0,123.913181,2.0,0.7,0.9,0.018962075848303388
334.0,120.139951,2.0,0.7,0.9,0.01914682539682539
335.0,128.42731,2.0,0.7,0.9,0.018849206349206345
336.0,137.447222,2.0,0.7,0.9,0.019033530571992106
337.0,138.559243,2.0,0.7,0.9,0.018737672583826425
338.0,118.485512,2.0,0.7,0.9,0.018921568627450976
339.0,156.940462,2.0,0.7,0.9,0.018627450980392153
340.0,147.650596,2.0,0.7,0.9,0.01881091617933723
341.0,118.386133,2.0,0.7,0.9,0.018518518518518517
342.0,109.310323,2.0,0.7,0.9,0.018701550387596896
343.0,109.05141,2.0,0.7,0.9,0.018410852713178293
344.0,124.308578,2.0,0.7,0.9,0.018593448940269746
345.0,134.083677,2.0,0.7,0.9,0.018304431599229284
346.0,133.17068,2.0,0.7,0.9,0.018486590038314175
347.0,148.680919,2.0,0.7,0.9,0.018199233716475097
348.0,120.851514,2.0,0.7,0.9,0.01838095238095238
349.0,152.807593,2.0,0.7,0.9,0.018095238095238095
350.0,108.106254,2.0,0.7,0.9,0.018276515151515155
351.0,126.866034,2.0,0.7,0.9,0.017992424242424247
352.0,123.375709,2.0,0.7,0.9,0.01817325800376648
353.0,112.326555,2.0,0.7,0.9,0.017890772128060266
354.0,119.865721,2.0,0.7,0.9,0.01807116104868914
355.0,153.248147,2.0,0.7,0.9,0.017790262172284643
356.0,109.971296,2.0,0.7,0.9,0.01797020484171322
357.0,135.806505,2.0,0.7,0.9,0.01769087523277467
358.0,161.93532,2.0,0.7,0.9,0.017870370370370366
359.0,118.888435,2.0,0.7,0.9,0.017592592592592587
360.0,127.840058,2.0,0.7,0.9,0.01777163904235727
361.0,108.841828,2.0,0.7,0.9,0.01749539594843462
362.0,294.775417,2.0,0.7,0.9,0.01767399267399267
363.0,153.279506,2.0,0.7,0.9,0.017399267399267393
364.0,138.390128,2.0,0.7,0.9,0.01757741347905282
365.0,138.75376,2.0,0.7,0.9,0.017304189435336972
366.0,136.549437,2.0,0.7,0.9,0.01748188405797101
367.0,182.723863,2.0,0.7,0.9,0.01721014492753623
368.0,261.617046,2.0,0.7,0.9,0.017387387387387383
369.0,145.180322,2.0,0.7,0.9,0.017117117117117112
370.0,138.883032,2.0,0.7,0.9,0.01729390681003584
371.0,229.348587,2.0,0.7,0.9,0.01702508960573476
372.0,139.31111,2.0,0.7,0.9,0.017201426024955432
373.0,158.066721,2.0,0.7,0.9,0.016934046345811048
374.0,136.861597,2.0,0.7,0.9,0.01710992907801418
375.0,155.609926,2.0,0.7,0.9,0.01684397163120567
376.0,152.965377,2.0,0.7,0.9,0.01701940035273368
377.0,149.884642,2.0,0.7,0.9,0.016754850088183414
378.0,137.410316,2.0,0.7,0.9,0.016929824561403503
379.0,148.546523,2.0,0.7,0.9,0.016666666666666663
380.0,163.280772,2.0,0.7,0.9,0.01684118673647469
381.0,181.093839,2.0,0.7,0.9,0.016579406631762647
382.0,205.371881,2.0,0.7,0.9,0.016753472222222215
383.0,193.432222,2.0,0.7,0.9,0.01649305555555555
384.0,167.998741,2.0,0.7,0.9,0.016666666666666663
385.0,146.53624,2.0,0.7,0.9,0.016407599309153708
386.0,142.673782,2.0,0.7,0.9,0.0165807560137457
387.0,155.536981,2.0,0.7,0.9,0.016323024054982815
388.0,164.192668,2.0,0.7,0.9,0.016495726495726493
389.0,145.534355,2.0,0.7,0.9,0.016239316239316237
390.0,215.924658,2.0,0.7,0.9,0.016411564625850337
391.0,150.990968,2.0,0.7,0.9,0.01615646258503401
392.0,136.453017,2.0,0.7,0.9,0.016328257191201352
393.0,251.801188,2.0,0.7,0.9,0.016074450084602364
394.0,130.910601,2.0,0.7,0.9,0.016245791245791244
395.0,122.523828,2.0,0.7,0.9,0.01599326599326599
396.0,152.401089,2.0,0.7,0.9,0.016164154103852593
397.0,141.458953,2.0,0.7,0.9,0.01591289782244556
398.0,123.641416,2.0,0.7,0.9,0.01608333333333333
399.0,142.626616,2.0,0.7,0.9,0.01583333333333333
400.0,139.789369,2.0,0.7,0.9,0.016003316749585404
401.0,142.308128,2.0,0.7,0.9,0.01575456053067993
402.0,161.926233,2.0,0.7,0.9,0.015924092409240923
403.0,135.08536,2.0,0.7,0.9,0.015676567656765675
404.0,119.602184,2.0,0.7,0.9,0.01584564860426929
405.0,120.338653,2.0,0.7,0.9,0.015599343185550077
406.0,160.776113,2.0,0.7,0.9,0.015767973856209146
407.0,123.082777,2.0,0.7,0.9,0.015522875816993461
408.0,118.470635,2.0,0.7,0.9,0.015691056910569105
409.0,131.730735,2.0,0.7,0.9,0.015447154471544714
410.0,108.390457,2.0,0.7,0.9,0.015614886731391584
411.0,134.056302,2.0,0.7,0.9,0.015372168284789644
412.0,136.741633,2.0,0.7,0.9,0.015539452495974233
413.0,131.885519,2.0,0.7,0.9,0.015297906602254427
414.0,116.70084,2.0,0.7,0.9,0.015464743589743589
415.0,162.265653,2.0,0.7,0.9,0.015224358974358972
416.0,119.203047,2.0,0.7,0.9,0.015390749601275917
417.0,115.219858,2.0,0.7,0.9,0.015151515151515148
418.0,134.829219,2.0,0.7,0.9,0.015317460317460315
419.0,148.648763,2.0,0.7,0.9,0.015079365079365078
420.0,105.660682,2.0,0.7,0.9,0.015244865718799367
421.0,169.379837,2.0,0.7,0.9,0.015007898894154818
422.0,113.412372,2.0,0.7,0.9,0.015172955974842764
423.0,120.816405,2.0,0.7,0.9,0.01493710691823899
424.0,120.256229,2.0,0.7,0.9,0.015101721439749607
425.0,128.764975,2.0,0.7,0.9,0.014866979655712048
426.0,117.254832,2.0,0.7,0.9,0.015031152647975075
427.0,156.217902,2.0,0.7,0.9,0.014797507788161988
428.0,110.716803,2.0,0.7,0.9,0.014961240310077513
429.0,120.134621,2.0,0.7,0.9,0.014728682170542629
430.0,148.53094,2.0,0.7,0.9,0.01489197530864197
431.0,168.272563,2.0,0.7,0.9,0.01466049382716049
432.0,112.058905,2.0,0.7,0.9,0.014823348694316434
433.0,119.075547,2.0,0.7,0.9,0.014592933947772654
434.0,129.385012,2.0,0.7,0.9,0.014755351681957183
435.0,182.584009,2.0,0.7,0.9,0.014525993883792044
436.0,156.947028,2.0,0.7,0.9,0.014687975646879752
437.0,115.021125,2.0,0.7,0.9,0.014459665144596647
438.0,116.786552,2.0,0.7,0.9,0.014621212121212118
439.0,108.874356,2.0,0.7,0.9,0.014393939393939391
440.0,148.5609,2.0,0.7,0.9,0.014555052790346905
441.0,119.414913,2.0,0.7,0.9,0.0143288084464555
442.0,118.287075,2.0,0.7,0.9,0.014489489489489485
443.0,167.30804,2.0,0.7,0.9,0.014264264264264259
444.0,104.526275,2.0,0.7,0.9,0.014424514200298947
445.0,113.909529,2.0,0.7,0.9,0.014200298953662177
446.0,158.467769,2.0,0.7,0.9,0.014360119047619043
447.0,198.9302,2.0,0.7,0.9,0.014136904761904759
448.0,115.062945,2.0,0.7,0.9,0.014296296296296297
449.0,164.790783,2.0,0.7,0.9,0.014074074074074072
450.0,111.245912,2.0,0.7,0.9,0.014233038348082594
451.0,146.675413,2.0,0.7,0.9,0.014011799410029495
452.0,110.225545,2.0,0.7,0.9,0.014170337738619674
453.0,120.988778,2.0,0.7,0.9,0.013950073421439058
454.0,141.755428,2.0,0.7,0.9,0.01410818713450292
455.0,155.85173,2.0,0.7,0.9,0.013888888888888885
456.0,149.654421,2.0,0.7,0.9,0.014046579330422122
457.0,127.666784,2.0,0.7,0.9,0.013828238719068412
458.0,186.417731,2.0,0.7,0.9,0.013985507246376809
459.0,111.238151,2.0,0.7,0.9,0.013768115942028984
460.0,112.137433,2.0,0.7,0.9,0.013924963924963923
461.0,117.243664,2.0,0.7,0.9,0.013708513708513708
462.0,108.850286,2.0,0.7,0.9,0.013864942528735632
463.0,121.84187,2.0,0.7,0.9,0.01364942528735632
464.0,120.080079,2.0,0.7,0.9,0.013805436337625177
465.0,137.259203,2.0,0.7,0.9,0.013590844062947065
466.0,113.417742,2.0,0.7,0.9,0.013746438746438746
467.0,165.006512,2.0,0.7,0.9,0.01353276353276353
468.0,180.454897,2.0,0.7,0.9,0.013687943262411344
469.0,110.105105,2.0,0.7,0.9,0.013475177304964538
470.0,112.885142,2.0,0.7,0.9,0.013629943502824857
471.0,145.537112,2.0,0.7,0.9,0.013418079096045196
472.0,120.030697,2.0,0.7,0.9,0.013572433192686355
473.0,114.183349,2.0,0.7,0.9,0.013361462728551331
474.0,167.013275,2.0,0.7,0.9,0.01351540616246498
475.0,109.85196,2.0,0.7,0.9,0.013305322128851535
476.0,115.678333,2.0,0.7,0.9,0.01345885634588563
477.0,137.024875,2.0,0.7,0.9,0.013249651324965129
478.0,108.033791,2.0,0.7,0.9,0.013402777777777774
479.0,119.495107,2.0,0.7,0.9,0.01319444444444444
480.0,164.527861,2.0,0.7,0.9,0.013347164591977864
481.0,129.089502,2.0,0.7,0.9,0.013139695712309815
482.0,185.623275,2.0,0.7,0.9,0.013292011019283742
483.0,182.204038,2.0,0.7,0.9,0.013085399449035806
484.0,138.2649,2.0,0.7,0.9,0.013237311385459527
485.0,150.831542,2.0,0.7,0.9,0.013031550068587099
486.0,237.528928,2.0,0.7,0.9,0.013183060109289612
487.0,152.580605,2.0,0.7,0.9,0.012978142076502726
488.0,136.959003,2.0,0.7,0.9,0.013129251700680267
489.0,277.501684,2.0,0.7,0.9,0.012925170068027205
490.0,126.332812,2.0,0.7,0.9,0.013075880758807584
491.0,156.582937,2.0,0.7,0.9,0.012872628726287257
492.0,157.125635,2.0,0.7,0.9,0.013022941970310387
493.0,156.085701,2.0,0.7,0.9,0.012820512820512817
494.0,190.27123,2.0,0.7,0.9,0.012970430107526876
495.0,132.578728,2.0,0.7,0.9,0.01276881720430107
496.0,152.030892,2.0,0.7,0.9,0.012918340026773759
497.0,205.032538,2.0,0.7,0.9,0.012717536813922353
498.0,139.171824,2.0,0.7,0.9,0.012866666666666663
499.0,182.90584,2.0,0.7,0.9,0.012666666666666663
500.0,379.272305,2.0,0.7,0.9,0.012815405046480741
501.0,149.437917,2.0,0.7,0.9,0.012616201859229747
502.0,173.95913,2.0,0.7,0.9,0.012764550264550263
503.0,145.508799,2.0,0.7,0.9,0.012566137566137565
504.0,140.080038,2.0,0.7,0.9,0.01271409749670619
505.0,129.404115,2.0,0.7,0.9,0.012516469038208166
506.0,146.571342,2.0,0.7,0.9,0.012664041994750654
507.0,181.316392,2.0,0.7,0.9,0.012467191601049865
508.0,153.418418,2.0,0.7,0.9,0.012614379084967316
509.0,176.377531,2.0,0.7,0.9,0.012418300653594769
510.0,158.063593,2.0,0.7,0.9,0.012565104166666665
511.0,163.165782,2.0,0.7,0.9,0.012369791666666664
512.0,134.831411,2.0,0.7,0.9,0.012516212710765237
513.0,139.81788,2.0,0.7,0.9,0.012321660181582358
514.0,127.669436,2.0,0.7,0.9,0.01246770025839793
515.0,169.414123,2.0,0.7,0.9,0.012273901808785528
516.0,147.345703,2.0,0.7,0.9,0.012419562419562418
517.0,152.645343,2.0,0.7,0.9,0.012226512226512228
518.0,126.400258,2.0,0.7,0.9,0.01237179487179487
519.0,203.277856,2.0,0.7,0.9,0.012179487179487178
520.0,346.514082,2.0,0.7,0.9,0.012324393358876116
521.0,153.391814,2.0,0.7,0.9,0.012132822477650062
522.0,135.793478,2.0,0.7,0.9,0.012277353689567427
523.0,362.172131,2.0,0.7,0.9,0.012086513994910938
524.0,127.773579,2.0,0.7,0.9,0.012230671736375156
525.0,727.686106,2.0,0.7,0.9,0.012040557667934092
526.0,363.237512,2.0,0.7,0.9,0.012184343434343431
527.0,167.120466,2.0,0.7,0.9,0.011994949494949492
528.0,175.136051,2.0,0.7,0.9,0.012138364779874213
529.0,310.213434,2.0,0.7,0.9,0.011949685534591196
530.0,174.289467,2.0,0.7,0.9,0.012092731829573933
531.0,139.047923,2.0,0.7,0.9,0.011904761904761904
532.0,207.341067,2.0,0.7,0.9,0.012047440699126092
533.0,135.687946,2.0,0.7,0.9,0.011860174781523096
534.0,167.323504,2.0,0.7,0.9,0.012002487562189053
535.0,147.528917,2.0,0.7,0.9,0.011815920398009949
536.0,126.032125,2.0,0.7,0.9,0.011957868649318462
537.0,151.101712,2.0,0.7,0.9,0.011771995043370507
538.0,123.124118,2.0,0.7,0.9,0.01191358024691358
539.0,138.52988,2.0,0.7,0.9,0.011728395061728394
540.0,123.804558,2.0,0.7,0.9,0.01186961869618696
541.0,130.71656,2.0,0.7,0.9,0.01168511685116851
542.0,111.722377,2.0,0.7,0.9,0.011825980392156862
543.0,144.71854,2.0,0.7,0.9,0.011642156862745098
544.0,440.60554,2.0,0.7,0.9,0.011782661782661782
545.0,136.39887,2.0,0.7,0.9,0.0115995115995116
546.0,144.518678,2.0,0.7,0.9,0.011739659367396595
547.0,138.928842,2.0,0.7,0.9,0.01155717761557178
548.0,178.743326,2.0,0.7,0.9,0.011696969696969699
549.0,111.276235,2.0,0.7,0.9,0.011515151515151516
550.0,122.328354,2.0,0.7,0.9,0.011654589371980677
551.0,150.183246,2.0,0.7,0.9,0.011473429951690822
552.0,136.017799,2.0,0.7,0.9,0.011612515042117931
553.0,158.578677,2.0,0.7,0.9,0.011432009626955477
554.0,110.498699,2.0,0.7,0.9,0.011570743405275781
555.0,118.187554,2.0,0.7,0.9,0.011390887290167868
556.0,132.891513,2.0,0.7,0.9,0.011529271206690565
557.0,111.500088,2.0,0.7,0.9,0.011350059737156516
558.0,138.980976,2.0,0.7,0.9,0.01148809523809524
559.0,157.19681,2.0,0.7,0.9,0.011309523809523813
560.0,163.970248,2.0,0.7,0.9,0.011447212336892054
561.0,118.616182,2.0,0.7,0.9,0.011269276393831556
562.0,116.747318,2.0,0.7,0.9,0.011406619385342792
563.0,138.390495,2.0,0.7,0.9,0.011229314420803785
564.0,111.665884,2.0,0.7,0.9,0.011366313309776208
565.0,117.820617,2.0,0.7,0.9,0.011189634864546525
566.0,124.146669,2.0,0.7,0.9,0.011326291079812206
567.0,120.85782,2.0,0.7,0.9,0.011150234741784037
568.0,112.861566,2.0,0.7,0.9,0.011286549707602338
569.0,141.770615,2.0,0.7,0.9,0.01111111111111111
570.0,127.579651,2.0,0.7,0.9,0.011247086247086245
571.0,135.162977,2.0,0.7,0.9,0.01107226107226107
572.0,156.395865,2.0,0.7,0.9,0.011207897793263644
573.0,127.064803,2.0,0.7,0.9,0.011033681765389079
574.0,108.008158,2.0,0.7,0.9,0.011168981481481478
575.0,144.691282,2.0,0.7,0.9,0.010995370370370367
576.0,110.246918,2.0,0.7,0.9,0.011130334486735869
577.0,137.335826,2.0,0.7,0.9,0.010957324106113032
578.0,168.526166,2.0,0.7,0.9,0.011091954022988505
579.0,109.404106,2.0,0.7,0.9,0.010919540229885056
580.0,128.998999,2.0,0.7,0.9,0.011053837342497133
581.0,153.928605,2.0,0.7,0.9,0.01088201603665521
582.0,119.840001,2.0,0.7,0.9,0.011015981735159814
583.0,107.484225,2.0,0.7,0.9,0.010844748858447485
584.0,176.20871,2.0,0.7,0.9,0.010978384527872578
585.0,109.002601,2.0,0.7,0.9,0.010807736063708755
586.0,117.405184,2.0,0.7,0.9,0.010941043083900223
587.0,173.578758,2.0,0.7,0.9,0.010770975056689338
588.0,145.729522,2.0,0.7,0.9,0.010903954802259882
589.0,122.713804,2.0,0.7,0.9,0.010734463276836153
590.0,112.260709,2.0,0.7,0.9,0.010867117117117114
591.0,127.187275,2.0,0.7,0.9,0.010698198198198195
592.0,110.590767,2.0,0.7,0.9,0.01083052749719416
593.0,136.996705,2.0,0.7,0.9,0.010662177328843992
594.0,108.220416,2.0,0.7,0.9,0.010794183445190154
595.0,182.401303,2.0,0.7,0.9,0.010626398210290825
596.0,191.504324,2.0,0.7,0.9,0.01075808249721293
597.0,340.928627,2.0,0.7,0.9,0.01059085841694537
598.0,146.71652,2.0,0.7,0.9,0.01072222222222222
599.0,145.630184,2.0,0.7,0.9,0.010555555555555552
600.0,146.28708,2.0,0.7,0.9,0.01068660022148394
601.0,150.640433,2.0,0.7,0.9,0.01052048726467331
602.0,136.62602,2.0,0.7,0.9,0.010651214128035318
603.0,128.704903,2.0,0.7,0.9,0.010485651214128033
604.0,153.391547,2.0,0.7,0.9,0.010616061606160614
605.0,150.358024,2.0,0.7,0.9,0.01045104510451045
606.0,184.517367,2.0,0.7,0.9,0.010581140350877191
607.0,126.884502,2.0,0.7,0.9,0.010416666666666664
608.0,147.731554,2.0,0.7,0.9,0.01054644808743169
609.0,159.142296,2.0,0.7,0.9,0.010382513661202183
610.0,126.853796,2.0,0.7,0.9,0.010511982570806098
611.0,175.474983,2.0,0.7,0.9,0.01034858387799564
612.0,130.992555,2.0,0.7,0.9,0.01047774158523344
613.0,130.551785,2.0,0.7,0.9,0.01031487513572204
614.0,137.561353,2.0,0.7,0.9,0.010443722943722943
615.0,188.115226,2.0,0.7,0.9,0.01028138528138528
616.0,145.485692,2.0,0.7,0.9,0.01040992448759439
617.0,128.505793,2.0,0.7,0.9,0.010248112189859762
618.0,134.612127,2.0,0.7,0.9,0.010376344086021505
619.0,143.690968,2.0,0.7,0.9,0.010215053763440859
620.0,147.146778,2.0,0.7,0.9,0.010342979635584136
621.0,130.900894,2.0,0.7,0.9,0.01018220793140407
622.0,131.597654,2.0,0.7,0.9,0.010309829059829058
623.0,134.342616,2.0,0.7,0.9,0.010149572649572648
624.0,173.322796,2.0,0.7,0.9,0.010276890308839187
625.0,153.124286,2.0,0.7,0.9,0.010117145899893501
626.0,142.503709,2.0,0.7,0.9,0.010244161358811038
627.0,204.559545,2.0,0.7,0.9,0.01008492569002123
628.0,164.347317,2.0,0.7,0.9,0.01021164021164021
629.0,164.762554,2.0,0.7,0.9,0.01005291005291005
630.0,173.946149,2.0,0.7,0.9,0.010179324894514766
631.0,152.663224,2.0,0.7,0.9,0.010021097046413501
632.0,134.207765,2.0,0.7,0.9,0.010147213459516297
633.0,148.643,2.0,0.7,0.9,0.009989484752891692
634.0,177.498914,2.0,0.7,0.9,0.010115303983228512
635.0,136.246975,2.0,0.7,0.9,0.009958071278825996
636.0,162.162159,2.0,0.7,0.9,0.010083594566353188
637.0,139.785475,2.0,0.7,0.9,0.009926854754440963
638.0,151.97467,2.0,0.7,0.9,0.010052083333333333
639.0,161.547329,2.0,0.7,0.9,0.009895833333333333
640.0,148.824097,2.0,0.7,0.9,0.010020768431983384
641.0,126.701858,2.0,0.7,0.9,0.009865005192107994
642.0,135.492719,2.0,0.7,0.9,0.009989648033126294
643.0,129.419691,2.0,0.7,0.9,0.009834368530020704
644.0,141.64195,2.0,0.7,0.9,0.009958720330237359
645.0,136.035362,2.0,0.7,0.9,0.00980392156862745
646.0,145.41233,2.0,0.7,0.9,0.009927983539094649
647.0,141.637276,2.0,0.7,0.9,0.009773662551440328
648.0,158.751779,2.0,0.7,0.9,0.009897435897435896
649.0,137.521068,2.0,0.7,0.9,0.009743589743589742
650.0,139.801136,2.0,0.7,0.9,0.009867075664621677
651.0,134.803596,2.0,0.7,0.9,0.009713701431492843
652.0,144.88043,2.0,0.7,0.9,0.009836901121304791
653.0,146.170606,2.0,0.7,0.9,0.009683995922528032
654.0,153.783287,2.0,0.7,0.9,0.009806910569105692
655.0,126.094277,2.0,0.7,0.9,0.009654471544715448
656.0,148.846975,2.0,0.7,0.9,0.00977710233029382
657.0,140.804457,2.0,0.7,0.9,0.009625126646403241
658.0,143.335083,2.0,0.7,0.9,0.009747474747474746
659.0,141.921709,2.0,0.7,0.9,0.009595959595959594
660.0,136.389533,2.0,0.7,0.9,0.009718026183282978
661.0,123.976468,2.0,0.7,0.9,0.00956696878147029
662.0,137.360749,2.0,0.7,0.9,0.00968875502008032
663.0,134.524132,2.0,0.7,0.9,0.009538152610441764
664.0,122.815764,2.0,0.7,0.9,0.009659659659659658
665.0,108.557808,2.0,0.7,0.9,0.009509509509509509
666.0,110.107612,2.0,0.7,0.9,0.009630738522954091
667.0,119.922522,2.0,0.7,0.9,0.009481037924151697
668.0,106.455801,2.0,0.7,0.9,0.009601990049751244
669.0,112.955668,2.0,0.7,0.9,0.009452736318407961
670.0,127.333047,2.0,0.7,0.9,0.009573412698412699
671.0,168.020928,2.0,0.7,0.9,0.009424603174603176
672.0,128.637317,2.0,0.7,0.9,0.009545004945598418
673.0,118.791484,2.0,0.7,0.9,0.009396636993076163
674.0,124.569485,2.0,0.7,0.9,0.009516765285996055
675.0,126.266841,2.0,0.7,0.9,0.009368836291913216
676.0,106.887702,2.0,0.7,0.9,0.009488692232055064
677.0,153.177577,2.0,0.7,0.9,0.009341199606686333
678.0,119.741594,2.0,0.7,0.9,0.00946078431372549
679.0,106.59719,2.0,0.7,0.9,0.009313725490196078
680.0,115.351547,2.0,0.7,0.9,0.00943304007820137
681.0,111.045687,2.0,0.7,0.9,0.009286412512218963
682.0,107.021784,2.0,0.7,0.9,0.009405458089668615
683.0,166.245018,2.0,0.7,0.9,0.009259259259259259
684.0,129.144697,2.0,0.7,0.9,0.009378036929057336
685.0,113.803438,2.0,0.7,0.9,0.00923226433430515
686.0,155.752788,2.0,0.7,0.9,0.009350775193798448
687.0,123.846727,2.0,0.7,0.9,0.009205426356589146
688.0,120.232727,2.0,0.7,0.9,0.00932367149758454
689.0,150.300431,2.0,0.7,0.9,0.009178743961352655
690.0,119.809331,2.0,0.7,0.9,0.009296724470134873
691.0,115.624345,2.0,0.7,0.9,0.009152215799614642
692.0,149.742144,2.0,0.7,0.9,0.009269932756964456
693.0,127.515976,2.0,0.7,0.9,0.009125840537944283
694.0,399.370469,2.0,0.7,0.9,0.009243295019157088
695.0,197.987901,2.0,0.7,0.9,0.009099616858237548
696.0,140.659629,2.0,0.7,0.9,0.009216809933142311
697.0,124.593162,2.0,0.7,0.9,0.009073543457497613
698.0,160.195928,2.0,0.7,0.9,0.009190476190476192
699.0,119.653417,2.0,0.7,0.9,0.009047619047619049
700.0,156.7568,2.0,0.7,0.9,0.009164292497625832
701.0,169.690026,2.0,0.7,0.9,0.00902184235517569
702.0,113.06392,2.0,0.7,0.9,0.009138257575757577
703.0,125.791408,2.0,0.7,0.9,0.008996212121212124
704.0,150.21368,2.0,0.7,0.9,0.009112370160528802
705.0,110.760214,2.0,0.7,0.9,0.008970727101038717
706.0,116.679978,2.0,0.7,0.9,0.009086629001883239
707.0,154.470558,2.0,0.7,0.9,0.008945386064030132
708.0,110.014326,2.0,0.7,0.9,0.009061032863849766
709.0,107.611636,2.0,0.7,0.9,0.008920187793427231
710.0,156.291117,2.0,0.7,0.9,0.00903558052434457
711.0,119.095149,2.0,0.7,0.9,0.008895131086142321
712.0,108.977447,2.0,0.7,0.9,0.009010270774976657
713.0,162.291375,2.0,0.7,0.9,0.008870214752567693
714.0,127.541118,2.0,0.7,0.9,0.00898510242085661
715.0,107.759324,2.0,0.7,0.9,0.008845437616387335
716.0,167.794989,2.0,0.7,0.9,0.00896007428040854
717.0,111.176606,2.0,0.7,0.9,0.008820798514391827
718.0,115.358788,2.0,0.7,0.9,0.008935185185185185
719.0,153.766847,2.0,0.7,0.9,0.008796296296296295
720.0,113.238811,2.0,0.7,0.9,0.008910433979686057
721.0,120.069775,2.0,0.7,0.9,0.008771929824561403
722.0,110.590659,2.0,0.7,0.9,0.008885819521178636
723.0,108.668786,2.0,0.7,0.9,0.00874769797421731
724.0,112.75743,2.0,0.7,0.9,0.008861340679522496
725.0,154.596072,2.0,0.7,0.9,0.00872359963269054
726.0,118.553864,2.0,0.7,0.9,0.008836996336996337
727.0,120.587442,2.0,0.7,0.9,0.008699633699633698
728.0,180.774743,2.0,0.7,0.9,0.008812785388127853
729.0,116.363804,2.0,0.7,0.9,0.008675799086757991
730.0,133.524845,2.0,0.7,0.9,0.008788706739526413
731.0,146.258676,2.0,0.7,0.9,0.00865209471766849
732.0,125.263045,2.0,0.7,0.9,0.008764759309718439
733.0,119.636238,2.0,0.7,0.9,0.00862851952770209
734.0,114.568837,2.0,0.7,0.9,0.008740942028985507
735.0,129.634644,2.0,0.7,0.9,0.008605072463768114
736.0,111.597191,2.0,0.7,0.9,0.008717253839205057
737.0,124.137879,2.0,0.7,0.9,0.008581752484191508
738.0,131.953812,2.0,0.7,0.9,0.008693693693693693
739.0,110.23293,2.0,0.7,0.9,0.008558558558558558
740.0,109.607859,2.0,0.7,0.9,0.00867026055705301
741.0,137.698986,2.0,0.7,0.9,0.00853548966756514
742.0,129.980278,2.0,0.7,0.9,0.008646953405017921
743.0,109.993866,2.0,0.7,0.9,0.008512544802867384
744.0,132.910298,2.0,0.7,0.9,0.008623771224307419
745.0,108.16663,2.0,0.7,0.9,0.008489722966934765
746.0,110.523578,2.0,0.7,0.9,0.008600713012477718
747.0,142.111395,2.0,0.7,0.9,0.008467023172905526
748.0,134.402324,2.0,0.7,0.9,0.008577777777777776
749.0,109.080214,2.0,0.7,0.9,0.008444444444444444
750.0,129.84499,2.0,0.7,0.9,0.00855496453900709
751.0,110.649656,2.0,0.7,0.9,0.008421985815602835
752.0,119.367603,2.0,0.7,0.9,0.008532272325375772
753.0,111.756064,2.0,0.7,0.9,0.008399646330680813
754.0,109.167099,2.0,0.7,0.9,0.008509700176366843
755.0,144.627613,2.0,0.7,0.9,0.00837742504409171
756.0,229.427854,2.0,0.7,0.9,0.008487247141600703
757.0,168.22078,2.0,0.7,0.9,0.008355321020228672
758.0,169.584482,2.0,0.7,0.9,0.008464912280701753
759.0,192.54456,2.0,0.7,0.9,0.008333333333333333
760.0,160.870486,2.0,0.7,0.9,0.008442694663167103
761.0,125.643781,2.0,0.7,0.9,0.008311461067366578
762.0,165.07673,2.0,0.7,0.9,0.008420593368237347
763.0,141.267797,2.0,0.7,0.9,0.008289703315881327
764.0,129.01842,2.0,0.7,0.9,0.008398607484769366
765.0,246.388808,2.0,0.7,0.9,0.008268059181897304
766.0,144.551198,2.0,0.7,0.9,0.008376736111111113
767.0,182.437536,2.0,0.7,0.9,0.00824652777777778
768.0,200.976121,2.0,0.7,0.9,0.008354978354978356
769.0,126.40379,2.0,0.7,0.9,0.008225108225108226
770.0,129.967081,2.0,0.7,0.9,0.008333333333333333
771.0,217.44774,2.0,0.7,0.9,0.008203799654576856
772.0,128.218758,2.0,0.7,0.9,0.008311800172265288
773.0,161.740951,2.0,0.7,0.9,0.008182601205857018
774.0,317.399773,2.0,0.7,0.9,0.00829037800687285
775.0,132.118191,2.0,0.7,0.9,0.008161512027491408
776.0,142.704649,2.0,0.7,0.9,0.008269065981148242
777.0,202.905763,2.0,0.7,0.9,0.008140531276778062
778.0,128.391799,2.0,0.7,0.9,0.008247863247863247
779.0,131.496202,2.0,0.7,0.9,0.008119658119658119
780.0,202.110732,2.0,0.7,0.9,0.008226768968456947
781.0,142.842349,2.0,0.7,0.9,0.008098891730605283
782.0,127.430323,2.0,0.7,0.9,0.008205782312925168
783.0,284.975975,2.0,0.7,0.9,0.008078231292517005
784.0,143.48293,2.0,0.7,0.9,0.00818490245971162
785.0,139.48249,2.0,0.7,0.9,0.008057675996607295
786.0,350.299839,2.0,0.7,0.9,0.008164128595600676
787.0,144.932528,2.0,0.7,0.9,0.008037225042301182
788.0,125.027293,2.0,0.7,0.9,0.008143459915611813
789.0,197.662362,2.0,0.7,0.9,0.0080168776371308
790.0,148.756208,2.0,0.7,0.9,0.008122895622895622
791.0,435.529999,2.0,0.7,0.9,0.007996632996632995
792.0,523.496683,2.0,0.7,0.9,0.0081024349286314
793.0,155.532574,2.0,0.7,0.9,0.007976490344248528
794.0,165.877406,2.0,0.7,0.9,0.008082077051926297
795.0,229.630202,2.0,0.7,0.9,0.00795644891122278
796.0,142.049978,2.0,0.7,0.9,0.008061821219715956
797.0,133.858022,2.0,0.7,0.9,0.007936507936507936
798.0,189.346263,2.0,0.7,0.9,0.008041666666666666
799.0,161.530332,2.0,0.7,0.9,0.007916666666666666
800.0,142.515702,2.0,0.7,0.9,0.008021612635078966
801.0,240.999333,2.0,0.7,0.9,0.00789692435577722
802.0,155.529503,2.0,0.7,0.9,0.0080016583747927
803.0,136.598528,2.0,0.7,0.9,0.007877280265339966
804.0,350.454646,2.0,0.7,0.9,0.007981803143093465
805.0,135.278211,2.0,0.7,0.9,0.007857733664185275
806.0,165.752765,2.0,0.7,0.9,0.00796204620462046
807.0,323.415213,2.0,0.7,0.9,0.007838283828382836
808.0,161.90063,2.0,0.7,0.9,0.007942386831275718
809.0,158.696825,2.0,0.7,0.9,0.007818930041152262
810.0,249.693998,2.0,0.7,0.9,0.007922824302134646
811.0,142.608002,2.0,0.7,0.9,0.0077996715927750385
812.0,146.005707,2.0,0.7,0.9,0.007903357903357902
813.0,210.48069,2.0,0.7,0.9,0.007780507780507779
814.0,133.211765,2.0,0.7,0.9,0.007883986928104573
815.0,152.216391,2.0,0.7,0.9,0.0077614379084967305
816.0,250.529205,2.0,0.7,0.9,0.007864710676446618
817.0,141.860178,2.0,0.7,0.9,0.007742461287693562
818.0,134.813234,2.0,0.7,0.9,0.007845528455284552
819.0,300.411511,2.0,0.7,0.9,0.007723577235772357
820.0,169.4426,2.0,0.7,0.9,0.007826439578264396
821.0,157.697601,2.0,0.7,0.9,0.0077047850770478495
822.0,252.411594,2.0,0.7,0.9,0.007807443365695791
823.0,149.389706,2.0,0.7,0.9,0.00768608414239482
824.0,139.448534,2.0,0.7,0.9,0.007788539144471346
825.0,213.074087,2.0,0.7,0.9,0.007667473769168682
826.0,144.382777,2.0,0.7,0.9,0.007769726247987116
827.0,169.349421,2.0,0.7,0.9,0.0076489533011272134
828.0,195.195534,2.0,0.7,0.9,0.007751004016064256
829.0,126.42916,2.0,0.7,0.9,0.007630522088353414
830.0,140.391086,2.0,0.7,0.9,0.007732371794871794
831.0,303.211786,2.0,0.7,0.9,0.007612179487179486
832.0,157.731372,2.0,0.7,0.9,0.007713828936850519
833.0,175.292254,2.0,0.7,0.9,0.00759392486011191
834.0,232.146558,2.0,0.7,0.9,0.007695374800637958
835.0,142.979941,2.0,0.7,0.9,0.007575757575757574
836.0,133.636785,2.0,0.7,0.9,0.00767700875099443
837.0,205.750625,2.0,0.7,0.9,0.007557677008750993
838.0,144.989064,2.0,0.7,0.9,0.007658730158730157
839.0,162.205268,2.0,0.7,0.9,0.007539682539682539
840.0,192.381279,2.0,0.7,0.9,0.0076405384006334115
841.0,139.860112,2.0,0.7,0.9,0.007521773555027711
842.0,169.86355,2.0,0.7,0.9,0.0076224328593996835
843.0,240.166616,2.0,0.7,0.9,0.007503949447077409
844.0,143.300439,2.0,0.7,0.9,0.0076044129235618586
845.0,150.081371,2.0,0.7,0.9,0.007486209613869187
846.0,204.323332,2.0,0.7,0.9,0.007586477987421382
847.0,137.659426,2.0,0.7,0.9,0.007468553459119495
848.0,129.598892,2.0,0.7,0.9,0.0075686274509803916
849.0,151.843945,2.0,0.7,0.9,0.007450980392156863
850.0,143.60758,2.0,0.7,0.9,0.007550860719874803
851.0,114.128991,2.0,0.7,0.9,0.007433489827856024
852.0,115.825673,2.0,0.7,0.9,0.007533177205308352
853.0,143.102829,2.0,0.7,0.9,0.0074160811865729885
854.0,116.201212,2.0,0.7,0.9,0.007515576323987538
855.0,175.131612,2.0,0.7,0.9,0.007398753894080994
856.0,115.638278,2.0,0.7,0.9,0.007498057498057495
857.0,119.875756,2.0,0.7,0.9,0.007381507381507378
858.0,166.609934,2.0,0.7,0.9,0.0074806201550387565
859.0,111.43843,2.0,0.7,0.9,0.007364341085271314
860.0,136.541701,2.0,0.7,0.9,0.007463263727764885
861.0,140.604712,2.0,0.7,0.9,0.007347254447022425
862.0,129.29497,2.0,0.7,0.9,0.007445987654320985
863.0,128.281474,2.0,0.7,0.9,0.007330246913580245
864.0,197.322717,2.0,0.7,0.9,0.007428791377983062
865.0,176.639891,2.0,0.7,0.9,0.007313317936874517
866.0,390.090267,2.0,0.7,0.9,0.007411674347158217
867.0,401.717794,2.0,0.7,0.9,0.007296466973886327
868.0,335.509307,2.0,0.7,0.9,0.007394636015325669
869.0,126.578275,2.0,0.7,0.9,0.007279693486590036
870.0,215.284554,2.0,0.7,0.9,0.007377675840978592
871.0,133.91645,2.0,0.7,0.9,0.007262996941896022
872.0,530.825342,2.0,0.7,0.9,0.00736079328756674
873.0,478.38008,2.0,0.7,0.9,0.0072463768115942
874.0,139.252976,2.0,0.7,0.9,0.007343987823439876
875.0,263.480324,2.0,0.7,0.9,0.007229832572298324
876.0,768.869155,2.0,0.7,0.9,0.00732725892179195
877.0,191.638834,2.0,0.7,0.9,0.007213363705391039
878.0,426.780099,2.0,0.7,0.9,0.00731060606060606
879.0,541.595699,2.0,0.7,0.9,0.007196969696969696
880.0,481.302448,2.0,0.7,0.9,0.007294028722600149
881.0,362.347306,2.0,0.7,0.9,0.007180650037792892
882.0,328.582672,2.0,0.7,0.9,0.007277526395173451
883.0,251.307601,2.0,0.7,0.9,0.007164404223227748
884.0,319.949817,2.0,0.7,0.9,0.007261098570353645
885.0,319.541376,2.0,0.7,0.9,0.007148231753197889
886.0,238.837741,2.0,0.7,0.9,0.0072447447447447424
887.0,146.322459,2.0,0.7,0.9,0.007132132132132129
888.0,195.402038,2.0,0.7,0.9,0.0072284644194756525
889.0,292.416708,2.0,0.7,0.9,0.007116104868913854
890.0,236.53381,2.0,0.7,0.9,0.0072122571001494735
891.0,243.800564,2.0,0.7,0.9,0.0071001494768310885
892.0,153.671056,2.0,0.7,0.9,0.007196122296793436
893.0,129.395604,2.0,0.7,0.9,0.007084265473527218
894.0,225.156556,2.0,0.7,0.9,0.007180059523809523
895.0,167.423215,2.0,0.7,0.9,0.007068452380952379
896.0,190.767079,2.0,0.7,0.9,0.0071640682999257604
897.0,149.427951,2.0,0.7,0.9,0.007052709725315515
898.0,135.265364,2.0,0.7,0.9,0.007148148148148148
899.0,142.706134,2.0,0.7,0.9,0.007037037037037036
900.0,117.749587,2.0,0.7,0.9,0.007132298595713229
901.0,148.472017,2.0,0.7,0.9,0.007021433850702142
902.0,148.213584,2.0,0.7,0.9,0.007116519174041296
903.0,1389.286226,2.0,0.7,0.9,0.007005899705014747
904.0,339.761833,2.0,0.7,0.9,0.0071008094186902114
905.0,1564.863421,2.0,0.7,0.9,0.006990434142752021
906.0,356.496041,2.0,0.7,0.9,0.007085168869309837
907.0,151.796803,2.0,0.7,0.9,0.006975036710719529
908.0,148.369013,2.0,0.7,0.9,0.007069597069597068
909.0,130.441193,2.0,0.7,0.9,0.006959706959706958
910.0,148.100257,2.0,0.7,0.9,0.00705409356725146
911.0,138.21429,2.0,0.7,0.9,0.006944444444444442
912.0,117.593012,2.0,0.7,0.9,0.007038657913931435
913.0,151.608798,2.0,0.7,0.9,0.006929248723559444
914.0,135.394735,2.0,0.7,0.9,0.007023289665211061
915.0,535.405057,2.0,0.7,0.9,0.006914119359534206
916.0,541.610775,2.0,0.7,0.9,0.0070079883805374
917.0,431.641412,2.0,0.7,0.9,0.0068990559186637625
918.0,906.217325,2.0,0.7,0.9,0.006992753623188406
919.0,193.986925,2.0,0.7,0.9,0.0068840579710144935
920.0,228.201518,2.0,0.7,0.9,0.006977584960231381
921.0,188.60462,2.0,0.7,0.9,0.0068691250903832254
922.0,276.061287,2.0,0.7,0.9,0.0069624819624819635
923.0,221.523868,2.0,0.7,0.9,0.006854256854256856
924.0,136.720434,2.0,0.7,0.9,0.006947444204463643
925.0,172.493245,2.0,0.7,0.9,0.006839452843772497
926.0,274.518779,2.0,0.7,0.9,0.006932471264367816
927.0,141.990462,2.0,0.7,0.9,0.00682471264367816
928.0,174.770888,2.0,0.7,0.9,0.006917562724014336
929.0,168.49799,2.0,0.7,0.9,0.006810035842293905
930.0,134.59752,2.0,0.7,0.9,0.006902718168812588
931.0,162.042071,2.0,0.7,0.9,0.006795422031473533
932.0,174.472319,2.0,0.7,0.9,0.006887937187723054
933.0,143.23408,2.0,0.7,0.9,0.006780870806566737
934.0,156.61192,2.0,0.7,0.9,0.006873219373219372
935.0,138.501006,2.0,0.7,0.9,0.006766381766381765
936.0,144.814151,2.0,0.7,0.9,0.006858564321250887
937.0,252.894739,2.0,0.7,0.9,0.006751954513148542
938.0,173.29482,2.0,0.7,0.9,0.006843971631205672
939.0,160.292109,2.0,0.7,0.9,0.006737588652482269
940.0,180.002794,2.0,0.7,0.9,0.006829440905874026
941.0,138.787342,2.0,0.7,0.9,0.006723283793347487
942.0,164.508907,2.0,0.7,0.9,0.006814971751412428
943.0,231.326361,2.0,0.7,0.9,0.006709039548022598
944.0,132.84931,2.0,0.7,0.9,0.006800563777307962
945.0,150.01628,2.0,0.7,0.9,0.006694855532064833
946.0,227.597326,2.0,0.7,0.9,0.006786216596343177
947.0,128.262004,2.0,0.7,0.9,0.006680731364275666
948.0,171.747803,2.0,0.7,0.9,0.006771929824561401
949.0,190.869012,2.0,0.7,0.9,0.0066666666666666645
950.0,135.936365,2.0,0.7,0.9,0.00675770308123249
951.0,132.834882,2.0,0.7,0.9,0.0066526610644257675
952.0,138.762284,2.0,0.7,0.9,0.006743535988819005
953.0,181.554512,2.0,0.7,0.9,0.006638714185883994
954.0,130.623682,2.0,0.7,0.9,0.006729428172942815
955.0,185.07507,2.0,0.7,0.9,0.0066248256624825645
956.0,137.771272,2.0,0.7,0.9,0.0067153792623521205
957.0,171.473677,2.0,0.7,0.9,0.00661099512874043
958.0,226.587408,2.0,0.7,0.9,0.006701388888888889
959.0,143.445112,2.0,0.7,0.9,0.006597222222222223
960.0,145.372401,2.0,0.7,0.9,0.0066874566874566875
961.0,169.265025,2.0,0.7,0.9,0.006583506583506583
962.0,155.123717,2.0,0.7,0.9,0.006673582295988934
963.0,155.788897,2.0,0.7,0.9,0.006569847856154909
964.0,179.436272,2.0,0.7,0.9,0.0066597653554175285
965.0,137.092843,2.0,0.7,0.9,0.006556245686680467
966.0,115.654566,2.0,0.7,0.9,0.006646005509641872
967.0,134.795963,2.0,0.7,0.9,0.006542699724517905
968.0,112.715812,2.0,0.7,0.9,0.00663230240549828
969.0,134.975335,2.0,0.7,0.9,0.0065292096219931265
970.0,114.503115,2.0,0.7,0.9,0.006618655692729766
971.0,149.207183,2.0,0.7,0.9,0.006515775034293553
972.0,112.789103,2.0,0.7,0.9,0.006605065023956195
973.0,114.015132,2.0,0.7,0.9,0.00650239561943874
974.0,121.463417,2.0,0.7,0.9,0.006591530054644808
975.0,161.574028,2.0,0.7,0.9,0.006489071038251365
976.0,130.60403,2.0,0.7,0.9,0.006578050443081117
977.0,119.177186,2.0,0.7,0.9,0.006475800954328561
978.0,162.439285,2.0,0.7,0.9,0.006564625850340135
979.0,113.645846,2.0,0.7,0.9,0.006462585034013604
980.0,112.038945,2.0,0.7,0.9,0.006551255940257976
981.0,221.230688,2.0,0.7,0.9,0.006449422946367956
982.0,114.935997,2.0,0.7,0.9,0.006537940379403794
983.0,140.513038,2.0,0.7,0.9,0.00643631436314363
984.0,167.95493,2.0,0.7,0.9,0.00652467883705206
985.0,116.082335,2.0,0.7,0.9,0.006423258958755914
986.0,114.338743,2.0,0.7,0.9,0.0065114709851551945
987.0,148.092499,2.0,0.7,0.9,0.006410256410256408
988.0,149.783434,2.0,0.7,0.9,0.006498316498316496
989.0,113.735009,2.0,0.7,0.9,0.006397306397306395
990.0,185.466025,2.0,0.7,0.9,0.006485215053763439
991.0,116.76267,2.0,0.7,0.9,0.006384408602150535
992.0,115.621703,2.0,0.7,0.9,0.006472166331321259
993.0,258.291738,2.0,0.7,0.9,0.006371562709590877
994.0,147.09647,2.0,0.7,0.9,0.00645917001338688
995.0,125.532624,2.0,0.7,0.9,0.006358768406961178
996.0,595.082644,2.0,0.7,0.9,0.006446225784903139
997.0,119.596834,2.0,0.7,0.9,0.006346025384101535
998.0,115.583686,2.0,0.7,0.9,0.006433333333333333
999.0,191.64104,2.0,0.7,0.9,0.006333333333333333
1000.0,426.977453,2.0,0.7,0.9,0.0064333333333333334
1001.0,148.78622,2.0,0.7,0.9,0.006346025384101537
1002.0,118.967099,2.0,0.7,0.9,0.006446225784903141
1003.0,133.715266,2.0,0.7,0.9,0.00635876840696118
1004.0,756.896285,2.0,0.7,0.9,0.006459170013386883
1005.0,127.107744,2.0,0.7,0.9,0.006371562709590882
1006.0,118.439031,2.0,0.7,0.9,0.006472166331321264
1007.0,154.240927,2.0,0.7,0.9,0.006384408602150543
1008.0,114.843274,2.0,0.7,0.9,0.006485215053763447
1009.0,138.123631,2.0,0.7,0.9,0.006397306397306405
1010.0,119.032253,2.0,0.7,0.9,0.006498316498316506
1011.0,131.511858,2.0,0.7,0.9,0.006410256410256421
1012.0,132.329228,2.0,0.7,0.9,0.006511470985155207
1013.0,160.018679,2.0,0.7,0.9,0.0064232589587559326
1014.0,158.060747,2.0,0.7,0.9,0.006524678837052079
1015.0,121.353304,2.0,0.7,0.9,0.006436314363143655
1016.0,360.637864,2.0,0.7,0.9,0.006537940379403818
1017.0,148.115457,2.0,0.7,0.9,0.006449422946367991
1018.0,178.627612,2.0,0.7,0.9,0.006551255940258011
1019.0,168.801374,2.0,0.7,0.9,0.006462585034013654
1020.0,137.098291,2.0,0.7,0.9,0.006564625850340185
1021.0,189.962934,2.0,0.7,0.9,0.006475800954328631
1022.0,134.039726,2.0,0.7,0.9,0.006578050443081187
1023.0,152.95406,2.0,0.7,0.9,0.006489071038251466
1024.0,146.198994,2.0,0.7,0.9,0.006591530054644909
1025.0,124.620639,2.0,0.7,0.9,0.006502395619438885
1026.0,195.196451,2.0,0.7,0.9,0.006605065023956339
1027.0,130.91119,2.0,0.7,0.9,0.006515775034293759
1028.0,126.870526,2.0,0.7,0.9,0.006618655692729973
1029.0,114.28305,2.0,0.7,0.9,0.006529209621993423
1030.0,139.404897,2.0,0.7,0.9,0.006632302405498578
1031.0,144.84804,2.0,0.7,0.9,0.006542699724518331
1032.0,136.998552,2.0,0.7,0.9,0.006646005509642298
1033.0,142.438917,2.0,0.7,0.9,0.006556245686681079
1034.0,143.165013,2.0,0.7,0.9,0.006659765355418139
1035.0,184.353112,2.0,0.7,0.9,0.006569847856155784
1036.0,259.985443,2.0,0.7,0.9,0.006673582295989809
1037.0,175.977697,2.0,0.7,0.9,0.006583506583507834
1038.0,166.973405,2.0,0.7,0.9,0.006687456687457938
1039.0,610.662746,2.0,0.7,0.9,0.006597222222224013
1040.0,147.209758,2.0,0.7,0.9,0.00670138888889068
1041.0,237.308984,2.0,0.7,0.9,0.006610995128742995
1042.0,146.067997,2.0,0.7,0.9,0.006715379262354686
1043.0,115.88035,2.0,0.7,0.9,0.006624825662486237
1044.0,165.720466,2.0,0.7,0.9,0.006729428172946488
1045.0,189.630969,2.0,0.7,0.9,0.006638714185889253
1046.0,141.497902,2.0,0.7,0.9,0.006743535988824264
1047.0,190.328663,2.0,0.7,0.9,0.006652661064433296
1048.0,124.647366,2.0,0.7,0.9,0.006757703081240019
1049.0,351.662248,2.0,0.7,0.9,0.0066666666666774415
1050.0,222.374247,2.0,0.7,0.9,0.006771929824572178
1051.0,127.56319,2.0,0.7,0.9,0.0066807313642910935
1052.0,168.721845,2.0,0.7,0.9,0.006786216596358604
1053.0,146.550835,2.0,0.7,0.9,0.0066948555320869175
1054.0,171.372417,2.0,0.7,0.9,0.006800563777330047
1055.0,116.436697,2.0,0.7,0.9,0.006709039548054215
1056.0,336.829988,2.0,0.7,0.9,0.006814971751444045
1057.0,114.88193,2.0,0.7,0.9,0.00672328379339275
1058.0,122.709752,2.0,0.7,0.9,0.006829440905919289
1059.0,125.570703,2.0,0.7,0.9,0.006737588652547068
1060.0,152.750838,2.0,0.7,0.9,0.0068439716312704724
1061.0,114.723528,2.0,0.7,0.9,0.006751954513241311
1062.0,123.955857,2.0,0.7,0.9,0.006858564321343656
1063.0,124.32895,2.0,0.7,0.9,0.006766381766514576
1064.0,121.70796,2.0,0.7,0.9,0.006873219373352183
1065.0,153.373986,2.0,0.7,0.9,0.0067808708067568745
1066.0,121.796242,2.0,0.7,0.9,0.006887937187913191
1067.0,143.733277,2.0,0.7,0.9,0.0067954220317457395
1068.0,159.609334,2.0,0.7,0.9,0.006902718169084795
1069.0,299.054506,2.0,0.7,0.9,0.0068100358426836085
1070.0,132.930457,2.0,0.7,0.9,0.006917562724404039
1071.0,160.533302,2.0,0.7,0.9,0.0068247126442360796
1072.0,133.950434,2.0,0.7,0.9,0.006932471264925735
1073.0,348.195011,2.0,0.7,0.9,0.006839452844571247
1074.0,274.907254,2.0,0.7,0.9,0.006947444205262392
1075.0,311.024772,2.0,0.7,0.9,0.006854256855400394
1076.0,112.622425,2.0,0.7,0.9,0.006962481963625503
1077.0,125.822118,2.0,0.7,0.9,0.0068691250920203985
1078.0,123.394552,2.0,0.7,0.9,0.006977584961868555
1079.0,131.826246,2.0,0.7,0.9,0.0068840579733583955
1080.0,130.322386,2.0,0.7,0.9,0.006992753625532308
1081.0,115.199989,2.0,0.7,0.9,0.00689905592201949
1082.0,118.670009,2.0,0.7,0.9,0.007007988383893128
1083.0,115.683016,2.0,0.7,0.9,0.006914119364338571
1084.0,127.604464,2.0,0.7,0.9,0.007023289670015427
1085.0,134.300903,2.0,0.7,0.9,0.006929248730437843
1086.0,112.334619,2.0,0.7,0.9,0.007038657920809834
1087.0,162.474259,2.0,0.7,0.9,0.006944444454292275
1088.0,118.528312,2.0,0.7,0.9,0.007054093577099293
1089.0,176.580357,2.0,0.7,0.9,0.006959706973806209
1090.0,118.944873,2.0,0.7,0.9,0.0070695970836963185
1091.0,113.235576,2.0,0.7,0.9,0.006975036730905681
1092.0,108.725713,2.0,0.7,0.9,0.007085168889495989
1093.0,111.430348,2.0,0.7,0.9,0.006990434171653041
1094.0,148.732871,2.0,0.7,0.9,0.007100809447591231
1095.0,168.625841,2.0,0.7,0.9,0.007005899746393261
1096.0,135.346167,2.0,0.7,0.9,0.0071165192154198096
1097.0,129.592496,2.0,0.7,0.9,0.007021433909945371
1098.0,117.045744,2.0,0.7,0.9,0.007132298654956458
1099.0,154.744592,2.0,0.7,0.9,0.007037037121858294
1100.0,1154.740972,2.0,0.7,0.9,0.007148148232969405
1101.0,511.363951,2.0,0.7,0.9,0.0070527098467586145
1102.0,443.993354,2.0,0.7,0.9,0.00716406842136886
1103.0,361.075886,2.0,0.7,0.9,0.007068452554829779
1104.0,207.526255,2.0,0.7,0.9,0.007180059697686922
1105.0,205.731637,2.0,0.7,0.9,0.007084265722479198
1106.0,343.873736,2.0,0.7,0.9,0.007196122545745418
1107.0,174.251044,2.0,0.7,0.9,0.007100149833274189
1108.0,285.999537,2.0,0.7,0.9,0.007212257456592575
1109.0,223.219725,2.0,0.7,0.9,0.007116105379262563
1110.0,387.557802,2.0,0.7,0.9,0.007228464929824361
1111.0,179.567246,2.0,0.7,0.9,0.007132132862843761
1112.0,194.032572,2.0,0.7,0.9,0.007244745475456373
1113.0,239.152184,2.0,0.7,0.9,0.007148232799428023
1114.0,154.759254,2.0,0.7,0.9,0.007261099616583779
1115.0,158.766972,2.0,0.7,0.9,0.0071644057212237044
1116.0,166.67948,2.0,0.7,0.9,0.007277527893169406
1117.0,416.056409,2.0,0.7,0.9,0.007180652182639707
1118.0,354.799054,2.0,0.7,0.9,0.007294030867446963
1119.0,382.539417,2.0,0.7,0.9,0.00719697276800036
1120.0,809.687204,2.0,0.7,0.9,0.007310609131636723
1121.0,390.879276,2.0,0.7,0.9,0.007213368102571293
1122.0,346.692929,2.0,0.7,0.9,0.007327263318972204
1123.0,170.198629,2.0,0.7,0.9,0.007229838868326151
1124.0,460.820151,2.0,0.7,0.9,0.0073439941194677035
1125.0,172.699695,2.0,0.7,0.9,0.0072463858265016485
1126.0,186.962459,2.0,0.7,0.9,0.0073608023024741885
1127.0,211.769872,2.0,0.7,0.9,0.007263009849872938
1128.0,175.174002,2.0,0.7,0.9,0.007377688748955506
1129.0,409.673724,2.0,0.7,0.9,0.007279711968947785
1130.0,206.46234,2.0,0.7,0.9,0.0073946544976834176
1131.0,166.419089,2.0,0.7,0.9,0.007296493438091794
1132.0,400.411482,2.0,0.7,0.9,0.007411700811363683
1133.0,384.751854,2.0,0.7,0.9,0.007313355830194123
1134.0,170.486918,2.0,0.7,0.9,0.007428829271302668
1135.0,371.041734,2.0,0.7,0.9,0.007330301172202566
1136.0,187.008696,2.0,0.7,0.9,0.0074460419129433065
1137.0,183.297361,2.0,0.7,0.9,0.007347332139182991
1138.0,224.995161,2.0,0.7,0.9,0.007463341419925451
1139.0,204.637589,2.0,0.7,0.9,0.007364452332185613
1140.0,178.422281,2.0,0.7,0.9,0.007480731401953055
1141.0,169.531466,2.0,0.7,0.9,0.0073816666761232575
1142.0,167.79441,2.0,0.7,0.9,0.007498216792673374
1143.0,152.533456,2.0,0.7,0.9,0.007398981989508938
1144.0,174.429681,2.0,0.7,0.9,0.007515804419415481
1145.0,144.10478,2.0,0.7,0.9,0.007416407800300521
1146.0,367.285111,2.0,0.7,0.9,0.007533503819035884
1147.0,205.400969,2.0,0.7,0.9,0.007433957514179485
1148.0,263.60832,2.0,0.7,0.9,0.007551328406198265
1149.0,189.081953,2.0,0.7,0.9,0.007451650087530961
1150.0,179.497932,2.0,0.7,0.9,0.007569297146354491
1151.0,178.560121,2.0,0.7,0.9,0.007469512423182814
1152.0,162.811193,2.0,0.7,0.9,0.0075874369514847
1153.0,172.664861,2.0,0.7,0.9,0.007487582801180388
1154.0,393.745601,2.0,0.7,0.9,0.00760578611087306
1155.0,169.289174,2.0,0.7,0.9,0.0075059157918053645
1156.0,337.122618,2.0,0.7,0.9,0.00762439920412764
1157.0,346.98729,2.0,0.7,0.9,0.007524589291285592
1158.0,181.820898,2.0,0.7,0.9,0.007643354136891292
1159.0,168.032822,2.0,0.7,0.9,0.007543714597385149
1160.0,174.435162,2.0,0.7,0.9,0.0076627622164327685
1161.0,171.62418,2.0,0.7,0.9,0.0075634508383967385
1162.0,172.540275,2.0,0.7,0.9,0.007682782580640176
1163.0,207.718141,2.0,0.7,0.9,0.007584025636665187
1164.0,167.126524,2.0,0.7,0.9,0.00770364286154557
1165.0,171.638356,2.0,0.7,0.9,0.007605764700671628
1166.0,410.623149,2.0,0.7,0.9,0.007725668777410237
1167.0,171.854343,2.0,0.7,0.9,0.0076291342039150715
1168.0,146.566803,2.0,0.7,0.9,0.00774932651160738
1169.0,151.362391,2.0,0.7,0.9,0.007654801476174424
1170.0,159.097225,2.0,0.7,0.9,0.007775283403885267
1171.0,342.414879,2.0,0.7,0.9,0.007683721920677661
1172.0,150.297355,2.0,0.7,0.9,0.007804494867537565
1173.0,189.12665,2.0,0.7,0.9,0.0077172634906971715
1174.0,353.399677,2.0,0.7,0.9,0.007838328865999835
1175.0,421.700046,2.0,0.7,0.9,0.007757384957205034
1176.0,306.57809,2.0,0.7,0.9,0.007878744180506004
1177.0,150.12791,2.0,0.7,0.9,0.0078068912143499265
1178.0,173.122299,2.0,0.7,0.9,0.007928545715566471
1179.0,181.249667,2.0,0.7,0.9,0.00786979891671714
1180.0,194.007909,2.0,0.7,0.9,0.007991750136229336
1181.0,166.334071,2.0,0.7,0.9,0.00795186013221805
1182.0,403.656946,2.0,0.7,0.9,0.008074109520971108
1183.0,180.887962,2.0,0.7,0.9,0.008061312304191819
1184.0,174.517924,2.0,0.7,0.9,0.008183861323799661
1185.0,352.899184,2.0,0.7,0.9,0.008209952334539354
1186.0,146.958198,2.0,0.7,0.9,0.008332802457389477
1187.0,158.685941,2.0,0.7,0.9,0.008414674877401539
1188.0,206.193596,2.0,0.7,0.9,0.008537827586761144
1189.0,167.065806,2.0,0.7,0.9,0.008699675485802555
1190.0,166.800456,2.0,0.7,0.9,0.008823132275926012
1191.0,146.759582,2.0,0.7,0.9,0.009099605982142982
1192.0,436.680391,2.0,0.7,0.9,0.009223368358380606
1193.0,210.44999,2.0,0.7,0.9,0.009664093643338407
1194.0,488.089179,2.0,0.7,0.9,0.009788163122246596
1195.0,1908.568896,2.0,0.7,0.9,0.010464213710964386
1196.0,754.312813,2.0,0.7,0.9,0.010588591820417123
1197.0,406.738535,2.0,0.7,0.9,0.011601759571812196
1198.0,570.250964,2.0,0.7,0.9,0.011726447851113942
1199.0,853.333303,2.0,0.7,0.9,0.013222519958202469
1200.0,381.636016,2.0,0.7,0.9,0.01334751995820247
1201.0,221.758596,2.0,0.7,0.9,0.015535295321450012
1202.0,318.197568,2.0,0.7,0.9,0.01566060860465803
1203.0,185.500129,2.0,0.7,0.9,0.01883913436201922
1204.0,368.65507,2.0,0.7,0.9,0.018964762502722738
1205.0,314.318216,2.0,0.7,0.9,0.02356234428241688
1206.0,223.217267,2.0,0.7,0.9,0.023688288866799752
1207.0,181.016449,2.0,0.7,0.9,0.03031836464689575
1208.0,217.949381,2.0,0.7,0.9,0.030444627273158376
1209.0,195.684975,2.0,0.7,0.9,0.039985795298989935
1210.0,166.340047,2.0,0.7,0.9,0.04011237757747095
1211.0,163.10233,2.0,0.7,0.9,0.0538230208234265
1212.0,158.398353,2.0,0.7,0.9,0.053949924376725994
1213.0,173.39992,2.0,0.7,0.9,0.07363238896557632
1214.0,219.405414,2.0,0.7,0.9,0.07375961542868065
1215.0,1589.998079,2.0,0.7,0.9,0.10199536757824888
1216.0,491.085806,2.0,0.7,0.9,0.10212291859865705
1217.0,2209.978108,2.0,0.7,0.9,0.1426093682523696
1218.0,1861.073116,2.0,0.7,0.9,0.14273724549022127
1219.0,430.347219,2.0,0.7,0.9,0.20077019409039015
1220.0,832.19803,2.0,0.7,0.9,0.20089839921859529
1221.0,522.453528,2.0,0.7,0.9,0.2840630763689026
1222.0,527.578438,2.0,0.7,0.9,0.2841916110732728
1223.0,581.001569,2.0,0.7,0.9,0.40335249155928987
1224.0,403.562674,2.0,0.7,0.9,0.4034813575386713
1225.0,394.756888,2.0,0.7,0.9,0.5741999509966943
1226.0,347.199155,2.0,0.7,0.9,0.5743291499631026
1227.0,321.864663,2.0,0.7,0.9,0.8188948224860131
1228.0,269.242672,2.0,0.7,0.9,0.8190243561647695
1229.0,3018.133041,2.0,0.7,0.9,1.1693632707962933
1230.0,468.135705,2.0,0.7,0.9,7.007894803489979
1231.0,532.78209,2.0,0.7,0.9,42.210437402291774
1232.0,452.402603,2.0,0.7,0.9,254.49948591014075
1233.0,541.267082,2.0,0.7,0.9,1534.9471207243578
1234.0,414.620602,2.0,0.7,0.9,9259.585368189688
1235.0,870.502439,2.0,0.7,0.9,55869.546275626075
1236.0,357.767625,2.0,0.7,0.9,337167.103730627
1237.0,298.357083,2.0,0.7,0.9,2035185.1958039305
1238.0,318.557157,2.0,0.7,0.9,1.228722783430418E7
1239.0,303.716329,2.0,0.7,0.9,7.41989604727415E7
1240.0,1232.400537,2.0,0.7,0.9,4.4816556874271274E8
1241.0,436.889808,2.0,0.7,0.9,2.707564845828172E9
1242.0,358.749118,2.0,0.7,0.9,1.6361459787802736E10
1243.0,360.490269,2.0,0.7,0.9,9.889430296133682E10
1244.0,456.580546,2.0,0.7,0.9,5.979019001840339E11
1245.0,641.309551,2.0,0.7,0.9,3.6157765852254756E12
1246.0,549.861494,2.0,0.7,0.9,2.1872074304233707E13
1247.0,900.530659,2.0,0.7,0.9,1.3234240154717839E14
1248.0,1413.838712,2.0,0.7,0.9,8.010005776824851E14
1249.0,347.47,2.0,0.7,0.9,4.849486638877925E15
1250.0,200.025654,2.0,0.7,0.9,2.936921886459318E16
1251.0,191.583367,2.0,0.7,0.9,1.77921132041002272E17
1252.0,391.335371,2.0,0.7,0.9,1.07821721794216307E18
1253.0,488.72621,2.0,0.7,0.9,6.5363297378200269E18
1254.0,170.288269,2.0,0.7,0.9,3.963841486656906E19
1255.0,445.493171,2.0,0.7,0.9,2.4046908245065862E20
1256.0,411.534278,2.0,0.7,0.9,1.459382781577152E21
